"name","state_code","contribution_date","sum"
CONGRESSIONAL LEADERSHIP FUND,AK,2020-05-08,20.0
CONGRESSIONAL LEADERSHIP FUND,AK,2020-05-13,50.0
CONGRESSIONAL LEADERSHIP FUND,AL,2020-04-02,25.0
CONGRESSIONAL LEADERSHIP FUND,AL,2020-04-29,25.0
CONGRESSIONAL LEADERSHIP FUND,AL,2020-05-01,50.0
CONGRESSIONAL LEADERSHIP FUND,AL,2020-05-10,80.0
CONGRESSIONAL LEADERSHIP FUND,AL,2020-05-12,84.0
CONGRESSIONAL LEADERSHIP FUND,AL,2020-05-14,60.0
CONGRESSIONAL LEADERSHIP FUND,AL,2020-05-19,95.0
CONGRESSIONAL LEADERSHIP FUND,AL,2020-05-24,42.0
CONGRESSIONAL LEADERSHIP FUND,AL,2020-05-29,25.0
CONGRESSIONAL LEADERSHIP FUND,AL,2020-06-01,50.0
CONGRESSIONAL LEADERSHIP FUND,AL,2020-06-07,109.0
CONGRESSIONAL LEADERSHIP FUND,AL,2020-06-11,10.0
CONGRESSIONAL LEADERSHIP FUND,AL,2020-06-16,84.0
CONGRESSIONAL LEADERSHIP FUND,AL,2020-06-18,50.0
CONGRESSIONAL LEADERSHIP FUND,AL,2020-06-20,40.0
CONGRESSIONAL LEADERSHIP FUND,AL,2020-06-22,25.0
CONGRESSIONAL LEADERSHIP FUND,AL,2020-06-29,50.0
CONGRESSIONAL LEADERSHIP FUND,AL,2020-06-30,25.0
CONGRESSIONAL LEADERSHIP FUND,AR,2019-07-16,500000.0
CONGRESSIONAL LEADERSHIP FUND,AR,2020-01-30,250000.0
CONGRESSIONAL LEADERSHIP FUND,AR,2020-06-05,1000000.0
CONGRESSIONAL LEADERSHIP FUND,AR,2020-06-30,250000.0
CONGRESSIONAL LEADERSHIP FUND,AZ,2020-02-16,50.0
CONGRESSIONAL LEADERSHIP FUND,AZ,2020-02-19,50.0
CONGRESSIONAL LEADERSHIP FUND,AZ,2020-02-20,50.0
CONGRESSIONAL LEADERSHIP FUND,AZ,2020-02-21,25.0
CONGRESSIONAL LEADERSHIP FUND,AZ,2020-02-25,25.0
CONGRESSIONAL LEADERSHIP FUND,AZ,2020-03-01,50.0
CONGRESSIONAL LEADERSHIP FUND,AZ,2020-03-04,20.0
CONGRESSIONAL LEADERSHIP FUND,AZ,2020-03-09,50.0
CONGRESSIONAL LEADERSHIP FUND,AZ,2020-03-20,50.0
CONGRESSIONAL LEADERSHIP FUND,AZ,2020-03-31,60.0
CONGRESSIONAL LEADERSHIP FUND,AZ,2020-04-01,50.0
CONGRESSIONAL LEADERSHIP FUND,AZ,2020-04-07,2800.0
CONGRESSIONAL LEADERSHIP FUND,AZ,2020-04-09,250.0
CONGRESSIONAL LEADERSHIP FUND,AZ,2020-04-14,2800.0
CONGRESSIONAL LEADERSHIP FUND,AZ,2020-04-20,50.0
CONGRESSIONAL LEADERSHIP FUND,AZ,2020-04-22,25.0
CONGRESSIONAL LEADERSHIP FUND,AZ,2020-04-26,25.0
CONGRESSIONAL LEADERSHIP FUND,AZ,2020-05-01,500.0
CONGRESSIONAL LEADERSHIP FUND,AZ,2020-05-04,25.0
CONGRESSIONAL LEADERSHIP FUND,AZ,2020-05-20,50.0
CONGRESSIONAL LEADERSHIP FUND,AZ,2020-06-01,500.0
CONGRESSIONAL LEADERSHIP FUND,AZ,2020-06-19,100.0
CONGRESSIONAL LEADERSHIP FUND,AZ,2020-06-20,50.0
CONGRESSIONAL LEADERSHIP FUND,AZ,2020-06-25,10000.0
CONGRESSIONAL LEADERSHIP FUND,CA,2019-05-24,500200.0
CONGRESSIONAL LEADERSHIP FUND,CA,2019-05-29,50000.0
CONGRESSIONAL LEADERSHIP FUND,CA,2019-10-31,1000.0
CONGRESSIONAL LEADERSHIP FUND,CA,2019-11-12,1000000.0
CONGRESSIONAL LEADERSHIP FUND,CA,2019-11-25,500.0
CONGRESSIONAL LEADERSHIP FUND,CA,2019-12-20,100000.0
CONGRESSIONAL LEADERSHIP FUND,CA,2020-01-17,250.0
CONGRESSIONAL LEADERSHIP FUND,CA,2020-01-29,100000.0
CONGRESSIONAL LEADERSHIP FUND,CA,2020-02-06,250.0
CONGRESSIONAL LEADERSHIP FUND,CA,2020-02-13,400000.0
CONGRESSIONAL LEADERSHIP FUND,CA,2020-02-14,25.0
CONGRESSIONAL LEADERSHIP FUND,CA,2020-02-15,10.0
CONGRESSIONAL LEADERSHIP FUND,CA,2020-02-16,25.0
CONGRESSIONAL LEADERSHIP FUND,CA,2020-02-17,100.0
CONGRESSIONAL LEADERSHIP FUND,CA,2020-02-18,120.0
CONGRESSIONAL LEADERSHIP FUND,CA,2020-02-19,275.0
CONGRESSIONAL LEADERSHIP FUND,CA,2020-02-20,500.0
CONGRESSIONAL LEADERSHIP FUND,CA,2020-02-21,25.0
CONGRESSIONAL LEADERSHIP FUND,CA,2020-02-24,10.0
CONGRESSIONAL LEADERSHIP FUND,CA,2020-02-26,50.0
CONGRESSIONAL LEADERSHIP FUND,CA,2020-02-28,25.0
CONGRESSIONAL LEADERSHIP FUND,CA,2020-02-29,25.0
CONGRESSIONAL LEADERSHIP FUND,CA,2020-03-03,25.0
CONGRESSIONAL LEADERSHIP FUND,CA,2020-03-04,50.0
CONGRESSIONAL LEADERSHIP FUND,CA,2020-03-05,25.0
CONGRESSIONAL LEADERSHIP FUND,CA,2020-03-07,75.0
CONGRESSIONAL LEADERSHIP FUND,CA,2020-03-09,25.0
CONGRESSIONAL LEADERSHIP FUND,CA,2020-03-13,50.0
CONGRESSIONAL LEADERSHIP FUND,CA,2020-03-17,25.0
CONGRESSIONAL LEADERSHIP FUND,CA,2020-03-19,25.0
CONGRESSIONAL LEADERSHIP FUND,CA,2020-03-24,25.0
CONGRESSIONAL LEADERSHIP FUND,CA,2020-03-25,10.0
CONGRESSIONAL LEADERSHIP FUND,CA,2020-03-26,75.0
CONGRESSIONAL LEADERSHIP FUND,CA,2020-03-27,50.0
CONGRESSIONAL LEADERSHIP FUND,CA,2020-03-30,25.0
CONGRESSIONAL LEADERSHIP FUND,CA,2020-04-01,25.0
CONGRESSIONAL LEADERSHIP FUND,CA,2020-04-07,25.0
CONGRESSIONAL LEADERSHIP FUND,CA,2020-04-09,50.0
CONGRESSIONAL LEADERSHIP FUND,CA,2020-04-12,100.0
CONGRESSIONAL LEADERSHIP FUND,CA,2020-04-16,23000.0
CONGRESSIONAL LEADERSHIP FUND,CA,2020-04-18,25.0
CONGRESSIONAL LEADERSHIP FUND,CA,2020-04-19,25.0
CONGRESSIONAL LEADERSHIP FUND,CA,2020-04-20,15010.0
CONGRESSIONAL LEADERSHIP FUND,CA,2020-04-21,20.0
CONGRESSIONAL LEADERSHIP FUND,CA,2020-04-22,5025.0
CONGRESSIONAL LEADERSHIP FUND,CA,2020-04-23,250.0
CONGRESSIONAL LEADERSHIP FUND,CA,2020-04-24,35.0
CONGRESSIONAL LEADERSHIP FUND,CA,2020-04-25,20000.0
CONGRESSIONAL LEADERSHIP FUND,CA,2020-04-26,50.0
CONGRESSIONAL LEADERSHIP FUND,CA,2020-04-27,125.0
CONGRESSIONAL LEADERSHIP FUND,CA,2020-04-28,10025.0
CONGRESSIONAL LEADERSHIP FUND,CA,2020-04-30,20.0
CONGRESSIONAL LEADERSHIP FUND,CA,2020-05-01,20000.0
CONGRESSIONAL LEADERSHIP FUND,CA,2020-05-04,550.0
CONGRESSIONAL LEADERSHIP FUND,CA,2020-05-05,5125.0
CONGRESSIONAL LEADERSHIP FUND,CA,2020-05-06,3000.0
CONGRESSIONAL LEADERSHIP FUND,CA,2020-05-10,75.0
CONGRESSIONAL LEADERSHIP FUND,CA,2020-05-14,40.0
CONGRESSIONAL LEADERSHIP FUND,CA,2020-05-17,25.0
CONGRESSIONAL LEADERSHIP FUND,CA,2020-05-19,765.0
CONGRESSIONAL LEADERSHIP FUND,CA,2020-05-22,570.0
CONGRESSIONAL LEADERSHIP FUND,CA,2020-05-24,10.0
CONGRESSIONAL LEADERSHIP FUND,CA,2020-05-26,50.0
CONGRESSIONAL LEADERSHIP FUND,CA,2020-05-27,675.0
CONGRESSIONAL LEADERSHIP FUND,CA,2020-05-29,120.0
CONGRESSIONAL LEADERSHIP FUND,CA,2020-06-02,25.0
CONGRESSIONAL LEADERSHIP FUND,CA,2020-06-03,50.0
CONGRESSIONAL LEADERSHIP FUND,CA,2020-06-05,125.0
CONGRESSIONAL LEADERSHIP FUND,CA,2020-06-09,500.0
CONGRESSIONAL LEADERSHIP FUND,CA,2020-06-10,75.0
CONGRESSIONAL LEADERSHIP FUND,CA,2020-06-11,5.0
CONGRESSIONAL LEADERSHIP FUND,CA,2020-06-15,25.0
CONGRESSIONAL LEADERSHIP FUND,CA,2020-06-19,25.0
CONGRESSIONAL LEADERSHIP FUND,CA,2020-06-20,290.0
CONGRESSIONAL LEADERSHIP FUND,CA,2020-06-22,525.0
CONGRESSIONAL LEADERSHIP FUND,CA,2020-06-24,1010.0
CONGRESSIONAL LEADERSHIP FUND,CA,2020-06-25,40.0
CONGRESSIONAL LEADERSHIP FUND,CA,2020-06-26,25.0
CONGRESSIONAL LEADERSHIP FUND,CA,2020-06-27,735.0
CONGRESSIONAL LEADERSHIP FUND,CA,2020-06-29,1000.0
CONGRESSIONAL LEADERSHIP FUND,CO,2020-02-13,25.0
CONGRESSIONAL LEADERSHIP FUND,CO,2020-02-17,50.0
CONGRESSIONAL LEADERSHIP FUND,CO,2020-02-19,50.0
CONGRESSIONAL LEADERSHIP FUND,CO,2020-02-24,20.0
CONGRESSIONAL LEADERSHIP FUND,CO,2020-02-25,35.0
CONGRESSIONAL LEADERSHIP FUND,CO,2020-02-26,10.0
CONGRESSIONAL LEADERSHIP FUND,CO,2020-03-02,20.0
CONGRESSIONAL LEADERSHIP FUND,CO,2020-03-03,10.0
CONGRESSIONAL LEADERSHIP FUND,CO,2020-03-04,80.0
CONGRESSIONAL LEADERSHIP FUND,CO,2020-03-06,25.0
CONGRESSIONAL LEADERSHIP FUND,CO,2020-03-07,45.0
CONGRESSIONAL LEADERSHIP FUND,CO,2020-03-09,40.0
CONGRESSIONAL LEADERSHIP FUND,CO,2020-03-10,35.0
CONGRESSIONAL LEADERSHIP FUND,CO,2020-03-12,40.0
CONGRESSIONAL LEADERSHIP FUND,CO,2020-03-13,50.0
CONGRESSIONAL LEADERSHIP FUND,CO,2020-03-18,10.0
CONGRESSIONAL LEADERSHIP FUND,CO,2020-03-24,25.0
CONGRESSIONAL LEADERSHIP FUND,CO,2020-03-27,30.0
CONGRESSIONAL LEADERSHIP FUND,CO,2020-03-28,10.0
CONGRESSIONAL LEADERSHIP FUND,CO,2020-03-31,60.0
CONGRESSIONAL LEADERSHIP FUND,CO,2020-04-01,25.0
CONGRESSIONAL LEADERSHIP FUND,CO,2020-04-03,10.0
CONGRESSIONAL LEADERSHIP FUND,CO,2020-04-07,35.0
CONGRESSIONAL LEADERSHIP FUND,CO,2020-04-10,250.0
CONGRESSIONAL LEADERSHIP FUND,CO,2020-04-18,25.0
CONGRESSIONAL LEADERSHIP FUND,CO,2020-04-20,20.0
CONGRESSIONAL LEADERSHIP FUND,CO,2020-05-01,100.0
CONGRESSIONAL LEADERSHIP FUND,CO,2020-05-08,200.0
CONGRESSIONAL LEADERSHIP FUND,CO,2020-05-09,25.0
CONGRESSIONAL LEADERSHIP FUND,CO,2020-05-13,1500.0
CONGRESSIONAL LEADERSHIP FUND,CO,2020-05-20,20.0
CONGRESSIONAL LEADERSHIP FUND,CO,2020-06-20,20.0
CONGRESSIONAL LEADERSHIP FUND,CO,2020-06-25,250.0
CONGRESSIONAL LEADERSHIP FUND,CO,2020-06-27,80.0
CONGRESSIONAL LEADERSHIP FUND,CO,2020-06-29,40.0
CONGRESSIONAL LEADERSHIP FUND,CT,2020-04-10,250.0
CONGRESSIONAL LEADERSHIP FUND,CT,2020-06-22,125000.0
CONGRESSIONAL LEADERSHIP FUND,DC,2020-04-21,1000.0
CONGRESSIONAL LEADERSHIP FUND,FL,2019-09-26,15000.0
CONGRESSIONAL LEADERSHIP FUND,FL,2019-10-31,250.0
CONGRESSIONAL LEADERSHIP FUND,FL,2020-01-28,500.0
CONGRESSIONAL LEADERSHIP FUND,FL,2020-01-29,250.0
CONGRESSIONAL LEADERSHIP FUND,FL,2020-01-31,500000.0
CONGRESSIONAL LEADERSHIP FUND,FL,2020-02-13,25.0
CONGRESSIONAL LEADERSHIP FUND,FL,2020-02-15,135.0
CONGRESSIONAL LEADERSHIP FUND,FL,2020-02-16,50.0
CONGRESSIONAL LEADERSHIP FUND,FL,2020-02-18,25.0
CONGRESSIONAL LEADERSHIP FUND,FL,2020-02-19,75.0
CONGRESSIONAL LEADERSHIP FUND,FL,2020-02-20,50.0
CONGRESSIONAL LEADERSHIP FUND,FL,2020-02-21,100.0
CONGRESSIONAL LEADERSHIP FUND,FL,2020-02-24,10.0
CONGRESSIONAL LEADERSHIP FUND,FL,2020-02-25,35.0
CONGRESSIONAL LEADERSHIP FUND,FL,2020-02-27,20.0
CONGRESSIONAL LEADERSHIP FUND,FL,2020-03-01,25.0
CONGRESSIONAL LEADERSHIP FUND,FL,2020-03-03,10.0
CONGRESSIONAL LEADERSHIP FUND,FL,2020-03-04,35.0
CONGRESSIONAL LEADERSHIP FUND,FL,2020-03-05,250.0
CONGRESSIONAL LEADERSHIP FUND,FL,2020-03-06,15.0
CONGRESSIONAL LEADERSHIP FUND,FL,2020-03-07,15.0
CONGRESSIONAL LEADERSHIP FUND,FL,2020-03-09,15.0
CONGRESSIONAL LEADERSHIP FUND,FL,2020-03-12,10.0
CONGRESSIONAL LEADERSHIP FUND,FL,2020-03-13,260.0
CONGRESSIONAL LEADERSHIP FUND,FL,2020-03-15,50.0
CONGRESSIONAL LEADERSHIP FUND,FL,2020-03-16,50.0
CONGRESSIONAL LEADERSHIP FUND,FL,2020-03-17,10.0
CONGRESSIONAL LEADERSHIP FUND,FL,2020-03-20,250.0
CONGRESSIONAL LEADERSHIP FUND,FL,2020-03-21,100.0
CONGRESSIONAL LEADERSHIP FUND,FL,2020-03-22,510.0
CONGRESSIONAL LEADERSHIP FUND,FL,2020-03-24,250.0
CONGRESSIONAL LEADERSHIP FUND,FL,2020-03-26,10.0
CONGRESSIONAL LEADERSHIP FUND,FL,2020-03-28,10.0
CONGRESSIONAL LEADERSHIP FUND,FL,2020-03-30,40.0
CONGRESSIONAL LEADERSHIP FUND,FL,2020-03-31,500035.0
CONGRESSIONAL LEADERSHIP FUND,FL,2020-04-01,25.0
CONGRESSIONAL LEADERSHIP FUND,FL,2020-04-04,219.0
CONGRESSIONAL LEADERSHIP FUND,FL,2020-04-05,25.0
CONGRESSIONAL LEADERSHIP FUND,FL,2020-04-14,250.0
CONGRESSIONAL LEADERSHIP FUND,FL,2020-04-15,150.0
CONGRESSIONAL LEADERSHIP FUND,FL,2020-04-16,50.0
CONGRESSIONAL LEADERSHIP FUND,FL,2020-04-20,310.0
CONGRESSIONAL LEADERSHIP FUND,FL,2020-04-21,100.0
CONGRESSIONAL LEADERSHIP FUND,FL,2020-04-22,35.0
CONGRESSIONAL LEADERSHIP FUND,FL,2020-04-24,15.0
CONGRESSIONAL LEADERSHIP FUND,FL,2020-04-26,125.0
CONGRESSIONAL LEADERSHIP FUND,FL,2020-04-27,150.0
CONGRESSIONAL LEADERSHIP FUND,FL,2020-04-28,40.0
CONGRESSIONAL LEADERSHIP FUND,FL,2020-04-29,40.0
CONGRESSIONAL LEADERSHIP FUND,FL,2020-04-30,60.0
CONGRESSIONAL LEADERSHIP FUND,FL,2020-05-04,100.0
CONGRESSIONAL LEADERSHIP FUND,FL,2020-05-06,110.0
CONGRESSIONAL LEADERSHIP FUND,FL,2020-05-08,120.0
CONGRESSIONAL LEADERSHIP FUND,FL,2020-05-09,95.0
CONGRESSIONAL LEADERSHIP FUND,FL,2020-05-10,20.0
CONGRESSIONAL LEADERSHIP FUND,FL,2020-05-11,100.0
CONGRESSIONAL LEADERSHIP FUND,FL,2020-05-12,220.0
CONGRESSIONAL LEADERSHIP FUND,FL,2020-05-13,50.0
CONGRESSIONAL LEADERSHIP FUND,FL,2020-05-14,2580.0
CONGRESSIONAL LEADERSHIP FUND,FL,2020-05-15,850.0
CONGRESSIONAL LEADERSHIP FUND,FL,2020-05-16,280.0
CONGRESSIONAL LEADERSHIP FUND,FL,2020-05-17,25.0
CONGRESSIONAL LEADERSHIP FUND,FL,2020-05-20,50.0
CONGRESSIONAL LEADERSHIP FUND,FL,2020-05-21,140.0
CONGRESSIONAL LEADERSHIP FUND,FL,2020-05-22,20.0
CONGRESSIONAL LEADERSHIP FUND,FL,2020-05-24,10.0
CONGRESSIONAL LEADERSHIP FUND,FL,2020-05-26,60.0
CONGRESSIONAL LEADERSHIP FUND,FL,2020-05-27,210.0
CONGRESSIONAL LEADERSHIP FUND,FL,2020-05-29,20.0
CONGRESSIONAL LEADERSHIP FUND,FL,2020-05-30,100.0
CONGRESSIONAL LEADERSHIP FUND,FL,2020-06-03,25.0
CONGRESSIONAL LEADERSHIP FUND,FL,2020-06-09,175.0
CONGRESSIONAL LEADERSHIP FUND,FL,2020-06-10,20.0
CONGRESSIONAL LEADERSHIP FUND,FL,2020-06-11,500200.0
CONGRESSIONAL LEADERSHIP FUND,FL,2020-06-14,65.0
CONGRESSIONAL LEADERSHIP FUND,FL,2020-06-16,75.0
CONGRESSIONAL LEADERSHIP FUND,FL,2020-06-17,25.0
CONGRESSIONAL LEADERSHIP FUND,FL,2020-06-20,150.0
CONGRESSIONAL LEADERSHIP FUND,FL,2020-06-21,100.0
CONGRESSIONAL LEADERSHIP FUND,FL,2020-06-23,50.0
CONGRESSIONAL LEADERSHIP FUND,FL,2020-06-24,10.0
CONGRESSIONAL LEADERSHIP FUND,FL,2020-06-26,500.0
CONGRESSIONAL LEADERSHIP FUND,FL,2020-06-27,175.0
CONGRESSIONAL LEADERSHIP FUND,FL,2020-06-30,250.0
CONGRESSIONAL LEADERSHIP FUND,GA,2019-03-05,500000.0
CONGRESSIONAL LEADERSHIP FUND,GA,2020-02-19,50.0
CONGRESSIONAL LEADERSHIP FUND,GA,2020-02-24,25.0
CONGRESSIONAL LEADERSHIP FUND,GA,2020-02-25,50.0
CONGRESSIONAL LEADERSHIP FUND,GA,2020-02-27,25.0
CONGRESSIONAL LEADERSHIP FUND,GA,2020-02-28,20.0
CONGRESSIONAL LEADERSHIP FUND,GA,2020-03-01,25.0
CONGRESSIONAL LEADERSHIP FUND,GA,2020-03-02,20.0
CONGRESSIONAL LEADERSHIP FUND,GA,2020-03-03,20.0
CONGRESSIONAL LEADERSHIP FUND,GA,2020-03-06,25.0
CONGRESSIONAL LEADERSHIP FUND,GA,2020-03-09,25.0
CONGRESSIONAL LEADERSHIP FUND,GA,2020-03-12,25.0
CONGRESSIONAL LEADERSHIP FUND,GA,2020-03-14,10.0
CONGRESSIONAL LEADERSHIP FUND,GA,2020-03-27,25.0
CONGRESSIONAL LEADERSHIP FUND,GA,2020-03-29,25.0
CONGRESSIONAL LEADERSHIP FUND,GA,2020-03-30,40.0
CONGRESSIONAL LEADERSHIP FUND,GA,2020-03-31,30.0
CONGRESSIONAL LEADERSHIP FUND,GA,2020-04-01,15.0
CONGRESSIONAL LEADERSHIP FUND,GA,2020-04-30,25.0
CONGRESSIONAL LEADERSHIP FUND,GA,2020-05-01,25000.0
CONGRESSIONAL LEADERSHIP FUND,GA,2020-05-05,25.0
CONGRESSIONAL LEADERSHIP FUND,GA,2020-05-06,25.0
CONGRESSIONAL LEADERSHIP FUND,GA,2020-05-07,40.0
CONGRESSIONAL LEADERSHIP FUND,GA,2020-05-08,20.0
CONGRESSIONAL LEADERSHIP FUND,GA,2020-05-11,25.0
CONGRESSIONAL LEADERSHIP FUND,GA,2020-05-12,250.0
CONGRESSIONAL LEADERSHIP FUND,GA,2020-05-14,25.0
CONGRESSIONAL LEADERSHIP FUND,GA,2020-05-17,25.0
CONGRESSIONAL LEADERSHIP FUND,GA,2020-05-20,25.0
CONGRESSIONAL LEADERSHIP FUND,GA,2020-05-22,1300000.0
CONGRESSIONAL LEADERSHIP FUND,GA,2020-05-29,40.0
CONGRESSIONAL LEADERSHIP FUND,GA,2020-05-30,25.0
CONGRESSIONAL LEADERSHIP FUND,GA,2020-06-06,25.0
CONGRESSIONAL LEADERSHIP FUND,GA,2020-06-07,20.0
CONGRESSIONAL LEADERSHIP FUND,GA,2020-06-08,20.0
CONGRESSIONAL LEADERSHIP FUND,GA,2020-06-14,25.0
CONGRESSIONAL LEADERSHIP FUND,GA,2020-06-20,25.0
CONGRESSIONAL LEADERSHIP FUND,GA,2020-06-30,25.0
CONGRESSIONAL LEADERSHIP FUND,HI,2020-06-19,25.0
CONGRESSIONAL LEADERSHIP FUND,IA,2020-02-17,25.0
CONGRESSIONAL LEADERSHIP FUND,IA,2020-02-19,25.0
CONGRESSIONAL LEADERSHIP FUND,IA,2020-02-20,25.0
CONGRESSIONAL LEADERSHIP FUND,IA,2020-02-28,20.0
CONGRESSIONAL LEADERSHIP FUND,IA,2020-02-29,20.0
CONGRESSIONAL LEADERSHIP FUND,IA,2020-03-12,20.0
CONGRESSIONAL LEADERSHIP FUND,IA,2020-03-13,25.0
CONGRESSIONAL LEADERSHIP FUND,IA,2020-03-24,25.0
CONGRESSIONAL LEADERSHIP FUND,IA,2020-03-25,25.0
CONGRESSIONAL LEADERSHIP FUND,IA,2020-03-27,25.0
CONGRESSIONAL LEADERSHIP FUND,IA,2020-06-16,100.0
CONGRESSIONAL LEADERSHIP FUND,ID,2020-06-20,20.0
CONGRESSIONAL LEADERSHIP FUND,IL,2019-06-06,250000.0
CONGRESSIONAL LEADERSHIP FUND,IL,2019-06-28,1000000.0
CONGRESSIONAL LEADERSHIP FUND,IL,2019-11-25,500000.0
CONGRESSIONAL LEADERSHIP FUND,IL,2020-02-16,175.0
CONGRESSIONAL LEADERSHIP FUND,IL,2020-02-19,250.0
CONGRESSIONAL LEADERSHIP FUND,IL,2020-02-24,50.0
CONGRESSIONAL LEADERSHIP FUND,IL,2020-02-25,10.0
CONGRESSIONAL LEADERSHIP FUND,IL,2020-02-27,50.0
CONGRESSIONAL LEADERSHIP FUND,IL,2020-02-28,40.0
CONGRESSIONAL LEADERSHIP FUND,IL,2020-02-29,25.0
CONGRESSIONAL LEADERSHIP FUND,IL,2020-03-01,25.0
CONGRESSIONAL LEADERSHIP FUND,IL,2020-03-02,40.0
CONGRESSIONAL LEADERSHIP FUND,IL,2020-03-05,50.0
CONGRESSIONAL LEADERSHIP FUND,IL,2020-03-06,25.0
CONGRESSIONAL LEADERSHIP FUND,IL,2020-03-09,25.0
CONGRESSIONAL LEADERSHIP FUND,IL,2020-03-12,20.0
CONGRESSIONAL LEADERSHIP FUND,IL,2020-03-16,500.0
CONGRESSIONAL LEADERSHIP FUND,IL,2020-03-22,25.0
CONGRESSIONAL LEADERSHIP FUND,IL,2020-03-30,35.0
CONGRESSIONAL LEADERSHIP FUND,IL,2020-04-04,25.0
CONGRESSIONAL LEADERSHIP FUND,IL,2020-05-06,75.0
CONGRESSIONAL LEADERSHIP FUND,IL,2020-05-07,2000000.0
CONGRESSIONAL LEADERSHIP FUND,IL,2020-05-08,60.0
CONGRESSIONAL LEADERSHIP FUND,IL,2020-05-09,50.0
CONGRESSIONAL LEADERSHIP FUND,IL,2020-05-11,60.0
CONGRESSIONAL LEADERSHIP FUND,IL,2020-05-20,30.0
CONGRESSIONAL LEADERSHIP FUND,IL,2020-05-27,40.0
CONGRESSIONAL LEADERSHIP FUND,IL,2020-05-30,40.0
CONGRESSIONAL LEADERSHIP FUND,IL,2020-06-01,-20.0
CONGRESSIONAL LEADERSHIP FUND,IL,2020-06-03,50.0
CONGRESSIONAL LEADERSHIP FUND,IL,2020-06-07,20.0
CONGRESSIONAL LEADERSHIP FUND,IL,2020-06-08,20.0
CONGRESSIONAL LEADERSHIP FUND,IL,2020-06-09,45.0
CONGRESSIONAL LEADERSHIP FUND,IL,2020-06-15,3000000.0
CONGRESSIONAL LEADERSHIP FUND,IL,2020-06-20,10.0
CONGRESSIONAL LEADERSHIP FUND,IL,2020-06-23,25.0
CONGRESSIONAL LEADERSHIP FUND,IL,2020-06-25,20.0
CONGRESSIONAL LEADERSHIP FUND,IL,2020-06-27,20.0
CONGRESSIONAL LEADERSHIP FUND,IL,2020-06-29,25.0
CONGRESSIONAL LEADERSHIP FUND,IL,2020-06-30,50.0
CONGRESSIONAL LEADERSHIP FUND,IN,2020-04-25,30.0
CONGRESSIONAL LEADERSHIP FUND,IN,2020-04-28,25.0
CONGRESSIONAL LEADERSHIP FUND,IN,2020-05-07,75.0
CONGRESSIONAL LEADERSHIP FUND,IN,2020-05-09,25.0
CONGRESSIONAL LEADERSHIP FUND,IN,2020-05-13,50.0
CONGRESSIONAL LEADERSHIP FUND,IN,2020-05-26,1000.0
CONGRESSIONAL LEADERSHIP FUND,IN,2020-06-06,10.0
CONGRESSIONAL LEADERSHIP FUND,IN,2020-06-12,10.0
CONGRESSIONAL LEADERSHIP FUND,IN,2020-06-14,10.0
CONGRESSIONAL LEADERSHIP FUND,IN,2020-06-18,25.0
CONGRESSIONAL LEADERSHIP FUND,IN,2020-06-19,2500.0
CONGRESSIONAL LEADERSHIP FUND,IN,2020-06-26,1000.0
CONGRESSIONAL LEADERSHIP FUND,KS,2019-08-26,10000.0
CONGRESSIONAL LEADERSHIP FUND,KS,2020-06-05,50.0
CONGRESSIONAL LEADERSHIP FUND,KS,2020-06-09,20.0
CONGRESSIONAL LEADERSHIP FUND,KY,2020-02-15,100.0
CONGRESSIONAL LEADERSHIP FUND,KY,2020-02-20,50.0
CONGRESSIONAL LEADERSHIP FUND,KY,2020-03-13,100.0
CONGRESSIONAL LEADERSHIP FUND,KY,2020-04-10,250.0
CONGRESSIONAL LEADERSHIP FUND,KY,2020-04-20,50.0
CONGRESSIONAL LEADERSHIP FUND,LA,2019-03-26,100000.0
CONGRESSIONAL LEADERSHIP FUND,LA,2020-02-16,50.0
CONGRESSIONAL LEADERSHIP FUND,LA,2020-03-04,100.0
CONGRESSIONAL LEADERSHIP FUND,LA,2020-03-09,100.0
CONGRESSIONAL LEADERSHIP FUND,LA,2020-04-26,15.0
CONGRESSIONAL LEADERSHIP FUND,LA,2020-04-27,25.0
CONGRESSIONAL LEADERSHIP FUND,LA,2020-04-30,125.0
CONGRESSIONAL LEADERSHIP FUND,LA,2020-05-04,25.0
CONGRESSIONAL LEADERSHIP FUND,LA,2020-05-07,20.0
CONGRESSIONAL LEADERSHIP FUND,LA,2020-05-12,20.0
CONGRESSIONAL LEADERSHIP FUND,LA,2020-05-16,15.0
CONGRESSIONAL LEADERSHIP FUND,LA,2020-05-21,100.0
CONGRESSIONAL LEADERSHIP FUND,LA,2020-05-22,40.0
CONGRESSIONAL LEADERSHIP FUND,LA,2020-05-28,100.0
CONGRESSIONAL LEADERSHIP FUND,LA,2020-05-30,100.0
CONGRESSIONAL LEADERSHIP FUND,LA,2020-06-10,100.0
CONGRESSIONAL LEADERSHIP FUND,LA,2020-06-20,250.0
CONGRESSIONAL LEADERSHIP FUND,LA,2020-06-21,100.0
CONGRESSIONAL LEADERSHIP FUND,LA,2020-06-28,100.0
CONGRESSIONAL LEADERSHIP FUND,LA,2020-06-30,100.0
CONGRESSIONAL LEADERSHIP FUND,MA,2020-04-23,50.0
CONGRESSIONAL LEADERSHIP FUND,MA,2020-05-01,40.0
CONGRESSIONAL LEADERSHIP FUND,MA,2020-05-19,35.0
CONGRESSIONAL LEADERSHIP FUND,MA,2020-05-27,25.0
CONGRESSIONAL LEADERSHIP FUND,MA,2020-06-08,1000000.0
CONGRESSIONAL LEADERSHIP FUND,MD,2020-06-04,100.0
CONGRESSIONAL LEADERSHIP FUND,MD,2020-06-29,100.0
CONGRESSIONAL LEADERSHIP FUND,MI,2019-12-05,450000.0
CONGRESSIONAL LEADERSHIP FUND,MI,2019-12-26,25000.0
CONGRESSIONAL LEADERSHIP FUND,MI,2019-12-30,20000.0
CONGRESSIONAL LEADERSHIP FUND,MI,2019-12-31,1000.0
CONGRESSIONAL LEADERSHIP FUND,MI,2020-01-01,5000.0
CONGRESSIONAL LEADERSHIP FUND,MI,2020-01-07,10000.0
CONGRESSIONAL LEADERSHIP FUND,MI,2020-02-12,50000.0
CONGRESSIONAL LEADERSHIP FUND,MI,2020-03-03,25000.0
CONGRESSIONAL LEADERSHIP FUND,MI,2020-03-13,250.0
CONGRESSIONAL LEADERSHIP FUND,MI,2020-05-06,25.0
CONGRESSIONAL LEADERSHIP FUND,MI,2020-05-08,20.0
CONGRESSIONAL LEADERSHIP FUND,MI,2020-05-13,240.0
CONGRESSIONAL LEADERSHIP FUND,MI,2020-06-12,150000.0
CONGRESSIONAL LEADERSHIP FUND,MI,2020-06-30,160.0
CONGRESSIONAL LEADERSHIP FUND,MN,2020-02-16,25.0
CONGRESSIONAL LEADERSHIP FUND,MN,2020-02-18,25.0
CONGRESSIONAL LEADERSHIP FUND,MN,2020-02-20,25.0
CONGRESSIONAL LEADERSHIP FUND,MN,2020-03-02,20.0
CONGRESSIONAL LEADERSHIP FUND,MN,2020-03-05,50.0
CONGRESSIONAL LEADERSHIP FUND,MN,2020-03-09,10.0
CONGRESSIONAL LEADERSHIP FUND,MN,2020-03-13,50.0
CONGRESSIONAL LEADERSHIP FUND,MN,2020-03-16,25.0
CONGRESSIONAL LEADERSHIP FUND,MN,2020-03-24,25.0
CONGRESSIONAL LEADERSHIP FUND,MN,2020-04-20,20.0
CONGRESSIONAL LEADERSHIP FUND,MN,2020-06-08,20.0
CONGRESSIONAL LEADERSHIP FUND,MN,2020-06-29,60.0
CONGRESSIONAL LEADERSHIP FUND,MO,2020-02-27,100.0
CONGRESSIONAL LEADERSHIP FUND,MO,2020-03-01,100.0
CONGRESSIONAL LEADERSHIP FUND,MO,2020-03-02,250.0
CONGRESSIONAL LEADERSHIP FUND,MO,2020-03-13,100.0
CONGRESSIONAL LEADERSHIP FUND,MO,2020-03-16,100.0
CONGRESSIONAL LEADERSHIP FUND,MO,2020-03-24,250.0
CONGRESSIONAL LEADERSHIP FUND,MO,2020-04-04,200.0
CONGRESSIONAL LEADERSHIP FUND,MO,2020-04-09,75.0
CONGRESSIONAL LEADERSHIP FUND,MO,2020-04-13,20.0
CONGRESSIONAL LEADERSHIP FUND,MO,2020-04-14,250.0
CONGRESSIONAL LEADERSHIP FUND,MO,2020-04-30,35.0
CONGRESSIONAL LEADERSHIP FUND,MO,2020-05-01,50.0
CONGRESSIONAL LEADERSHIP FUND,MO,2020-05-04,450.0
CONGRESSIONAL LEADERSHIP FUND,MO,2020-05-10,50.0
CONGRESSIONAL LEADERSHIP FUND,MO,2020-05-13,120.0
CONGRESSIONAL LEADERSHIP FUND,MO,2020-05-19,40.0
CONGRESSIONAL LEADERSHIP FUND,MO,2020-05-30,35.0
CONGRESSIONAL LEADERSHIP FUND,MO,2020-06-02,40.0
CONGRESSIONAL LEADERSHIP FUND,MO,2020-06-03,20.0
CONGRESSIONAL LEADERSHIP FUND,MO,2020-06-04,200.0
CONGRESSIONAL LEADERSHIP FUND,MO,2020-06-11,25.0
CONGRESSIONAL LEADERSHIP FUND,MO,2020-06-13,20.0
CONGRESSIONAL LEADERSHIP FUND,MO,2020-06-20,40.0
CONGRESSIONAL LEADERSHIP FUND,MO,2020-06-21,20.0
CONGRESSIONAL LEADERSHIP FUND,MO,2020-06-25,20.0
CONGRESSIONAL LEADERSHIP FUND,MO,2020-06-27,500.0
CONGRESSIONAL LEADERSHIP FUND,MO,2020-06-29,200.0
CONGRESSIONAL LEADERSHIP FUND,MO,2020-06-30,35.0
CONGRESSIONAL LEADERSHIP FUND,MS,2020-04-08,25.0
CONGRESSIONAL LEADERSHIP FUND,MS,2020-04-09,25.0
CONGRESSIONAL LEADERSHIP FUND,MS,2020-04-28,51.0
CONGRESSIONAL LEADERSHIP FUND,MS,2020-05-11,20.0
CONGRESSIONAL LEADERSHIP FUND,MS,2020-05-13,15.0
CONGRESSIONAL LEADERSHIP FUND,MS,2020-05-28,25.0
CONGRESSIONAL LEADERSHIP FUND,MS,2020-05-29,80.0
CONGRESSIONAL LEADERSHIP FUND,MS,2020-06-04,100.0
CONGRESSIONAL LEADERSHIP FUND,MS,2020-06-13,25.0
CONGRESSIONAL LEADERSHIP FUND,MS,2020-06-14,25.0
CONGRESSIONAL LEADERSHIP FUND,MS,2020-06-19,25.0
CONGRESSIONAL LEADERSHIP FUND,MS,2020-06-20,25.0
CONGRESSIONAL LEADERSHIP FUND,MS,2020-06-22,50.0
CONGRESSIONAL LEADERSHIP FUND,MS,2020-06-24,10.0
CONGRESSIONAL LEADERSHIP FUND,MS,2020-06-27,500.0
CONGRESSIONAL LEADERSHIP FUND,MS,2020-06-28,25.0
CONGRESSIONAL LEADERSHIP FUND,MS,2020-06-30,20.0
CONGRESSIONAL LEADERSHIP FUND,MT,2020-04-07,100.0
CONGRESSIONAL LEADERSHIP FUND,MT,2020-05-07,100.0
CONGRESSIONAL LEADERSHIP FUND,NC,2019-07-26,1000.0
CONGRESSIONAL LEADERSHIP FUND,NC,2019-12-19,250.0
CONGRESSIONAL LEADERSHIP FUND,NC,2020-02-15,25.0
CONGRESSIONAL LEADERSHIP FUND,NC,2020-02-16,25.0
CONGRESSIONAL LEADERSHIP FUND,NC,2020-02-17,25.0
CONGRESSIONAL LEADERSHIP FUND,NC,2020-02-19,10050.0
CONGRESSIONAL LEADERSHIP FUND,NC,2020-02-25,25.0
CONGRESSIONAL LEADERSHIP FUND,NC,2020-02-29,25.0
CONGRESSIONAL LEADERSHIP FUND,NC,2020-03-02,50.0
CONGRESSIONAL LEADERSHIP FUND,NC,2020-03-03,20.0
CONGRESSIONAL LEADERSHIP FUND,NC,2020-03-04,50.0
CONGRESSIONAL LEADERSHIP FUND,NC,2020-03-07,25.0
CONGRESSIONAL LEADERSHIP FUND,NC,2020-03-09,25.0
CONGRESSIONAL LEADERSHIP FUND,NC,2020-03-12,20.0
CONGRESSIONAL LEADERSHIP FUND,NC,2020-03-13,50.0
CONGRESSIONAL LEADERSHIP FUND,NC,2020-03-17,25.0
CONGRESSIONAL LEADERSHIP FUND,NC,2020-03-22,25.0
CONGRESSIONAL LEADERSHIP FUND,NC,2020-03-27,25.0
CONGRESSIONAL LEADERSHIP FUND,NC,2020-03-30,20.0
CONGRESSIONAL LEADERSHIP FUND,NC,2020-03-31,20.0
CONGRESSIONAL LEADERSHIP FUND,NC,2020-04-28,50.0
CONGRESSIONAL LEADERSHIP FUND,NC,2020-05-09,100.0
CONGRESSIONAL LEADERSHIP FUND,NC,2020-05-15,40.0
CONGRESSIONAL LEADERSHIP FUND,NC,2020-05-16,50.0
CONGRESSIONAL LEADERSHIP FUND,NC,2020-05-24,50.0
CONGRESSIONAL LEADERSHIP FUND,NC,2020-05-27,500.0
CONGRESSIONAL LEADERSHIP FUND,NC,2020-06-27,250.0
CONGRESSIONAL LEADERSHIP FUND,NC,2020-06-29,50.0
CONGRESSIONAL LEADERSHIP FUND,NE,2020-06-24,500.0
CONGRESSIONAL LEADERSHIP FUND,NM,2020-04-26,100.0
CONGRESSIONAL LEADERSHIP FUND,NM,2020-04-30,100.0
CONGRESSIONAL LEADERSHIP FUND,NM,2020-05-08,40.0
CONGRESSIONAL LEADERSHIP FUND,NM,2020-05-18,40.0
CONGRESSIONAL LEADERSHIP FUND,NM,2020-05-23,310.0
CONGRESSIONAL LEADERSHIP FUND,NV,2020-04-26,250.0
CONGRESSIONAL LEADERSHIP FUND,NV,2020-05-09,50.0
CONGRESSIONAL LEADERSHIP FUND,NV,2020-05-10,40.0
CONGRESSIONAL LEADERSHIP FUND,NV,2020-05-11,50.0
CONGRESSIONAL LEADERSHIP FUND,NV,2020-05-12,40.0
CONGRESSIONAL LEADERSHIP FUND,NV,2020-05-16,60.0
CONGRESSIONAL LEADERSHIP FUND,NV,2020-05-22,40.0
CONGRESSIONAL LEADERSHIP FUND,NV,2020-05-27,60.0
CONGRESSIONAL LEADERSHIP FUND,NV,2020-05-28,250.0
CONGRESSIONAL LEADERSHIP FUND,NV,2020-06-03,100.0
CONGRESSIONAL LEADERSHIP FUND,NV,2020-06-09,100.0
CONGRESSIONAL LEADERSHIP FUND,NV,2020-06-20,25.0
CONGRESSIONAL LEADERSHIP FUND,NV,2020-06-22,50.0
CONGRESSIONAL LEADERSHIP FUND,NV,2020-06-30,40.0
CONGRESSIONAL LEADERSHIP FUND,NY,2019-04-04,1000000.0
CONGRESSIONAL LEADERSHIP FUND,NY,2019-10-01,100000.0
CONGRESSIONAL LEADERSHIP FUND,NY,2020-01-15,2500000.0
CONGRESSIONAL LEADERSHIP FUND,NY,2020-04-13,10.0
CONGRESSIONAL LEADERSHIP FUND,NY,2020-04-15,10.0
CONGRESSIONAL LEADERSHIP FUND,NY,2020-04-17,50.0
CONGRESSIONAL LEADERSHIP FUND,NY,2020-04-18,10.0
CONGRESSIONAL LEADERSHIP FUND,NY,2020-04-20,120.0
CONGRESSIONAL LEADERSHIP FUND,NY,2020-04-21,10.0
CONGRESSIONAL LEADERSHIP FUND,NY,2020-04-28,10.0
CONGRESSIONAL LEADERSHIP FUND,NY,2020-04-30,10.0
CONGRESSIONAL LEADERSHIP FUND,NY,2020-05-01,10.0
CONGRESSIONAL LEADERSHIP FUND,NY,2020-05-04,25.0
CONGRESSIONAL LEADERSHIP FUND,NY,2020-05-08,20.0
CONGRESSIONAL LEADERSHIP FUND,NY,2020-05-09,10.0
CONGRESSIONAL LEADERSHIP FUND,NY,2020-05-11,300.0
CONGRESSIONAL LEADERSHIP FUND,NY,2020-05-13,505.0
CONGRESSIONAL LEADERSHIP FUND,NY,2020-05-14,200.0
CONGRESSIONAL LEADERSHIP FUND,NY,2020-05-15,140.0
CONGRESSIONAL LEADERSHIP FUND,NY,2020-05-17,300.0
CONGRESSIONAL LEADERSHIP FUND,NY,2020-05-20,50.0
CONGRESSIONAL LEADERSHIP FUND,NY,2020-05-21,205.0
CONGRESSIONAL LEADERSHIP FUND,NY,2020-05-22,20.0
CONGRESSIONAL LEADERSHIP FUND,NY,2020-06-13,100.0
CONGRESSIONAL LEADERSHIP FUND,NY,2020-06-15,100.0
CONGRESSIONAL LEADERSHIP FUND,NY,2020-06-17,60.0
CONGRESSIONAL LEADERSHIP FUND,NY,2020-06-19,50.0
CONGRESSIONAL LEADERSHIP FUND,NY,2020-06-20,90.0
CONGRESSIONAL LEADERSHIP FUND,NY,2020-06-26,60.0
CONGRESSIONAL LEADERSHIP FUND,OH,2020-02-19,100.0
CONGRESSIONAL LEADERSHIP FUND,OH,2020-02-20,50.0
CONGRESSIONAL LEADERSHIP FUND,OH,2020-02-25,10.0
CONGRESSIONAL LEADERSHIP FUND,OH,2020-02-28,25.0
CONGRESSIONAL LEADERSHIP FUND,OH,2020-03-02,65.0
CONGRESSIONAL LEADERSHIP FUND,OH,2020-03-09,35.0
CONGRESSIONAL LEADERSHIP FUND,OH,2020-03-12,20.0
CONGRESSIONAL LEADERSHIP FUND,OH,2020-03-17,165.0
CONGRESSIONAL LEADERSHIP FUND,OH,2020-03-22,15.0
CONGRESSIONAL LEADERSHIP FUND,OH,2020-03-24,10.0
CONGRESSIONAL LEADERSHIP FUND,OH,2020-03-29,25.0
CONGRESSIONAL LEADERSHIP FUND,OH,2020-04-01,15.0
CONGRESSIONAL LEADERSHIP FUND,OH,2020-04-10,10.0
CONGRESSIONAL LEADERSHIP FUND,OH,2020-04-22,10.0
CONGRESSIONAL LEADERSHIP FUND,OH,2020-05-07,100.0
CONGRESSIONAL LEADERSHIP FUND,OH,2020-05-10,10.0
CONGRESSIONAL LEADERSHIP FUND,OH,2020-05-13,50.0
CONGRESSIONAL LEADERSHIP FUND,OH,2020-06-10,10.0
CONGRESSIONAL LEADERSHIP FUND,OH,2020-06-12,25.0
CONGRESSIONAL LEADERSHIP FUND,OH,2020-06-13,25.0
CONGRESSIONAL LEADERSHIP FUND,OH,2020-06-15,20.0
CONGRESSIONAL LEADERSHIP FUND,OH,2020-06-22,1000.0
CONGRESSIONAL LEADERSHIP FUND,OH,2020-06-24,25.0
CONGRESSIONAL LEADERSHIP FUND,OH,2020-06-29,50.0
CONGRESSIONAL LEADERSHIP FUND,OK,2019-12-30,500000.0
CONGRESSIONAL LEADERSHIP FUND,OK,2020-02-13,25.0
CONGRESSIONAL LEADERSHIP FUND,OK,2020-02-15,25.0
CONGRESSIONAL LEADERSHIP FUND,OK,2020-02-21,25.0
CONGRESSIONAL LEADERSHIP FUND,OK,2020-02-27,10.0
CONGRESSIONAL LEADERSHIP FUND,OK,2020-02-29,25.0
CONGRESSIONAL LEADERSHIP FUND,OK,2020-03-05,15.0
CONGRESSIONAL LEADERSHIP FUND,OK,2020-03-13,25.0
CONGRESSIONAL LEADERSHIP FUND,OK,2020-03-15,25.0
CONGRESSIONAL LEADERSHIP FUND,OK,2020-03-21,25.0
CONGRESSIONAL LEADERSHIP FUND,OK,2020-03-27,10.0
CONGRESSIONAL LEADERSHIP FUND,OK,2020-03-29,25.0
CONGRESSIONAL LEADERSHIP FUND,OK,2020-04-05,15.0
CONGRESSIONAL LEADERSHIP FUND,OK,2020-04-13,25.0
CONGRESSIONAL LEADERSHIP FUND,OK,2020-04-15,25.0
CONGRESSIONAL LEADERSHIP FUND,OK,2020-04-21,1025.0
CONGRESSIONAL LEADERSHIP FUND,OK,2020-04-27,10.0
CONGRESSIONAL LEADERSHIP FUND,OK,2020-04-29,25.0
CONGRESSIONAL LEADERSHIP FUND,OK,2020-05-05,15.0
CONGRESSIONAL LEADERSHIP FUND,OK,2020-05-13,25.0
CONGRESSIONAL LEADERSHIP FUND,OK,2020-05-15,25.0
CONGRESSIONAL LEADERSHIP FUND,OK,2020-05-21,1025.0
CONGRESSIONAL LEADERSHIP FUND,OK,2020-06-03,200.0
CONGRESSIONAL LEADERSHIP FUND,OK,2020-06-09,100.0
CONGRESSIONAL LEADERSHIP FUND,OK,2020-06-21,1000.0
CONGRESSIONAL LEADERSHIP FUND,OK,2020-06-25,120.0
CONGRESSIONAL LEADERSHIP FUND,OR,2019-10-31,250.0
CONGRESSIONAL LEADERSHIP FUND,OR,2020-02-17,100.0
CONGRESSIONAL LEADERSHIP FUND,OR,2020-02-24,100.0
CONGRESSIONAL LEADERSHIP FUND,OR,2020-04-24,25.0
CONGRESSIONAL LEADERSHIP FUND,OR,2020-06-02,60.0
CONGRESSIONAL LEADERSHIP FUND,OR,2020-06-07,25.0
CONGRESSIONAL LEADERSHIP FUND,OR,2020-06-10,25.0
CONGRESSIONAL LEADERSHIP FUND,OR,2020-06-11,25.0
CONGRESSIONAL LEADERSHIP FUND,OR,2020-06-12,25.0
CONGRESSIONAL LEADERSHIP FUND,OR,2020-06-14,45.0
CONGRESSIONAL LEADERSHIP FUND,OR,2020-06-30,100.0
CONGRESSIONAL LEADERSHIP FUND,PA,2020-04-28,25.0
CONGRESSIONAL LEADERSHIP FUND,PA,2020-05-06,75.0
CONGRESSIONAL LEADERSHIP FUND,PA,2020-05-14,225.0
CONGRESSIONAL LEADERSHIP FUND,PA,2020-06-03,25.0
CONGRESSIONAL LEADERSHIP FUND,PA,2020-06-27,100.0
CONGRESSIONAL LEADERSHIP FUND,PA,2020-06-29,100.0
CONGRESSIONAL LEADERSHIP FUND,PA,2020-06-30,200.0
CONGRESSIONAL LEADERSHIP FUND,SC,2019-11-19,200.0
CONGRESSIONAL LEADERSHIP FUND,SC,2019-12-17,200.0
CONGRESSIONAL LEADERSHIP FUND,SC,2020-02-25,200.0
CONGRESSIONAL LEADERSHIP FUND,SC,2020-03-03,200.0
CONGRESSIONAL LEADERSHIP FUND,SC,2020-03-09,200.0
CONGRESSIONAL LEADERSHIP FUND,SC,2020-04-26,90.0
CONGRESSIONAL LEADERSHIP FUND,SC,2020-04-27,25.0
CONGRESSIONAL LEADERSHIP FUND,SC,2020-05-01,200.0
CONGRESSIONAL LEADERSHIP FUND,SC,2020-05-06,50.0
CONGRESSIONAL LEADERSHIP FUND,SC,2020-05-08,20.0
CONGRESSIONAL LEADERSHIP FUND,SC,2020-05-10,100.0
CONGRESSIONAL LEADERSHIP FUND,SC,2020-05-11,170.0
CONGRESSIONAL LEADERSHIP FUND,SC,2020-05-12,20.0
CONGRESSIONAL LEADERSHIP FUND,SC,2020-05-13,70.0
CONGRESSIONAL LEADERSHIP FUND,SC,2020-05-17,25.0
CONGRESSIONAL LEADERSHIP FUND,SC,2020-05-19,120.0
CONGRESSIONAL LEADERSHIP FUND,SC,2020-05-20,10.0
CONGRESSIONAL LEADERSHIP FUND,SC,2020-05-21,50.0
CONGRESSIONAL LEADERSHIP FUND,SC,2020-05-22,20.0
CONGRESSIONAL LEADERSHIP FUND,SC,2020-05-26,90.0
CONGRESSIONAL LEADERSHIP FUND,SC,2020-05-27,25.0
CONGRESSIONAL LEADERSHIP FUND,SC,2020-05-29,20.0
CONGRESSIONAL LEADERSHIP FUND,SC,2020-06-02,60.0
CONGRESSIONAL LEADERSHIP FUND,SC,2020-06-17,25.0
CONGRESSIONAL LEADERSHIP FUND,SC,2020-06-20,10.0
CONGRESSIONAL LEADERSHIP FUND,SC,2020-06-21,50.0
CONGRESSIONAL LEADERSHIP FUND,SC,2020-06-22,400.0
CONGRESSIONAL LEADERSHIP FUND,SC,2020-06-26,90.0
CONGRESSIONAL LEADERSHIP FUND,SC,2020-06-27,125.0
CONGRESSIONAL LEADERSHIP FUND,TN,2020-05-09,120.0
CONGRESSIONAL LEADERSHIP FUND,TN,2020-05-11,120.0
CONGRESSIONAL LEADERSHIP FUND,TN,2020-05-12,80.0
CONGRESSIONAL LEADERSHIP FUND,TN,2020-05-19,50.0
CONGRESSIONAL LEADERSHIP FUND,TN,2020-05-21,250.0
CONGRESSIONAL LEADERSHIP FUND,TN,2020-05-27,40.0
CONGRESSIONAL LEADERSHIP FUND,TN,2020-06-03,25.0
CONGRESSIONAL LEADERSHIP FUND,TN,2020-06-13,20.0
CONGRESSIONAL LEADERSHIP FUND,TN,2020-06-17,60.0
CONGRESSIONAL LEADERSHIP FUND,TN,2020-06-19,50.0
CONGRESSIONAL LEADERSHIP FUND,TN,2020-06-22,25.0
CONGRESSIONAL LEADERSHIP FUND,TN,2020-06-23,25.0
CONGRESSIONAL LEADERSHIP FUND,TN,2020-06-27,40.0
CONGRESSIONAL LEADERSHIP FUND,TN,2020-06-29,25.0
CONGRESSIONAL LEADERSHIP FUND,TX,2019-10-15,50000.0
CONGRESSIONAL LEADERSHIP FUND,TX,2020-02-04,1500.0
CONGRESSIONAL LEADERSHIP FUND,TX,2020-02-14,10000.0
CONGRESSIONAL LEADERSHIP FUND,TX,2020-02-15,100.0
CONGRESSIONAL LEADERSHIP FUND,TX,2020-02-25,225010.0
CONGRESSIONAL LEADERSHIP FUND,TX,2020-03-02,20.0
CONGRESSIONAL LEADERSHIP FUND,TX,2020-03-04,1100.0
CONGRESSIONAL LEADERSHIP FUND,TX,2020-03-07,500.0
CONGRESSIONAL LEADERSHIP FUND,TX,2020-03-22,125.0
CONGRESSIONAL LEADERSHIP FUND,TX,2020-03-31,5.0
CONGRESSIONAL LEADERSHIP FUND,TX,2020-04-04,120.0
CONGRESSIONAL LEADERSHIP FUND,TX,2020-04-09,175.0
CONGRESSIONAL LEADERSHIP FUND,TX,2020-04-10,35.0
CONGRESSIONAL LEADERSHIP FUND,TX,2020-04-13,1000.0
CONGRESSIONAL LEADERSHIP FUND,TX,2020-04-14,15.0
CONGRESSIONAL LEADERSHIP FUND,TX,2020-04-16,50.0
CONGRESSIONAL LEADERSHIP FUND,TX,2020-04-21,500.0
CONGRESSIONAL LEADERSHIP FUND,TX,2020-04-24,230.0
CONGRESSIONAL LEADERSHIP FUND,TX,2020-04-27,145.0
CONGRESSIONAL LEADERSHIP FUND,TX,2020-04-30,65.0
CONGRESSIONAL LEADERSHIP FUND,TX,2020-05-03,25.0
CONGRESSIONAL LEADERSHIP FUND,TX,2020-05-04,40.0
CONGRESSIONAL LEADERSHIP FUND,TX,2020-05-05,40.0
CONGRESSIONAL LEADERSHIP FUND,TX,2020-05-06,250.0
CONGRESSIONAL LEADERSHIP FUND,TX,2020-05-07,80.0
CONGRESSIONAL LEADERSHIP FUND,TX,2020-05-09,600.0
CONGRESSIONAL LEADERSHIP FUND,TX,2020-05-12,870.0
CONGRESSIONAL LEADERSHIP FUND,TX,2020-05-13,110.0
CONGRESSIONAL LEADERSHIP FUND,TX,2020-05-14,20.0
CONGRESSIONAL LEADERSHIP FUND,TX,2020-05-15,150.0
CONGRESSIONAL LEADERSHIP FUND,TX,2020-05-16,100.0
CONGRESSIONAL LEADERSHIP FUND,TX,2020-05-17,15.0
CONGRESSIONAL LEADERSHIP FUND,TX,2020-05-20,150.0
CONGRESSIONAL LEADERSHIP FUND,TX,2020-05-22,2525.0
CONGRESSIONAL LEADERSHIP FUND,TX,2020-05-24,25.0
CONGRESSIONAL LEADERSHIP FUND,TX,2020-05-26,2000.0
CONGRESSIONAL LEADERSHIP FUND,TX,2020-05-27,160.0
CONGRESSIONAL LEADERSHIP FUND,TX,2020-05-28,100.0
CONGRESSIONAL LEADERSHIP FUND,TX,2020-05-30,45.0
CONGRESSIONAL LEADERSHIP FUND,TX,2020-06-03,500000.0
CONGRESSIONAL LEADERSHIP FUND,TX,2020-06-04,80.0
CONGRESSIONAL LEADERSHIP FUND,TX,2020-06-05,250.0
CONGRESSIONAL LEADERSHIP FUND,TX,2020-06-07,20.0
CONGRESSIONAL LEADERSHIP FUND,TX,2020-06-09,100.0
CONGRESSIONAL LEADERSHIP FUND,TX,2020-06-10,50.0
CONGRESSIONAL LEADERSHIP FUND,TX,2020-06-11,50.0
CONGRESSIONAL LEADERSHIP FUND,TX,2020-06-12,25180.0
CONGRESSIONAL LEADERSHIP FUND,TX,2020-06-14,75.0
CONGRESSIONAL LEADERSHIP FUND,TX,2020-06-17,115.0
CONGRESSIONAL LEADERSHIP FUND,TX,2020-06-19,90.0
CONGRESSIONAL LEADERSHIP FUND,TX,2020-06-20,50.0
CONGRESSIONAL LEADERSHIP FUND,TX,2020-06-22,250000.0
CONGRESSIONAL LEADERSHIP FUND,TX,2020-06-24,25.0
CONGRESSIONAL LEADERSHIP FUND,TX,2020-06-27,150.0
CONGRESSIONAL LEADERSHIP FUND,TX,2020-06-30,750045.0
CONGRESSIONAL LEADERSHIP FUND,UT,2019-10-31,250.0
CONGRESSIONAL LEADERSHIP FUND,UT,2020-02-24,100.0
CONGRESSIONAL LEADERSHIP FUND,UT,2020-03-09,25.0
CONGRESSIONAL LEADERSHIP FUND,UT,2020-03-17,100.0
CONGRESSIONAL LEADERSHIP FUND,UT,2020-03-27,50.0
CONGRESSIONAL LEADERSHIP FUND,UT,2020-03-30,100.0
CONGRESSIONAL LEADERSHIP FUND,UT,2020-04-09,125.0
CONGRESSIONAL LEADERSHIP FUND,UT,2020-04-17,100.0
CONGRESSIONAL LEADERSHIP FUND,UT,2020-04-30,100.0
CONGRESSIONAL LEADERSHIP FUND,UT,2020-05-01,35.0
CONGRESSIONAL LEADERSHIP FUND,UT,2020-05-07,20.0
CONGRESSIONAL LEADERSHIP FUND,UT,2020-05-09,75.0
CONGRESSIONAL LEADERSHIP FUND,UT,2020-05-11,25.0
CONGRESSIONAL LEADERSHIP FUND,UT,2020-05-17,100.0
CONGRESSIONAL LEADERSHIP FUND,UT,2020-05-19,20.0
CONGRESSIONAL LEADERSHIP FUND,UT,2020-05-30,100.0
CONGRESSIONAL LEADERSHIP FUND,UT,2020-06-09,75.0
CONGRESSIONAL LEADERSHIP FUND,UT,2020-06-17,100.0
CONGRESSIONAL LEADERSHIP FUND,UT,2020-06-24,1000.0
CONGRESSIONAL LEADERSHIP FUND,UT,2020-06-30,150.0
CONGRESSIONAL LEADERSHIP FUND,VA,2019-12-09,50000.0
CONGRESSIONAL LEADERSHIP FUND,VA,2020-04-09,250.0
CONGRESSIONAL LEADERSHIP FUND,VA,2020-05-05,312.0
CONGRESSIONAL LEADERSHIP FUND,VA,2020-05-09,125.0
CONGRESSIONAL LEADERSHIP FUND,VA,2020-05-11,170.0
CONGRESSIONAL LEADERSHIP FUND,VA,2020-05-12,80.0
CONGRESSIONAL LEADERSHIP FUND,VA,2020-05-14,100.0
CONGRESSIONAL LEADERSHIP FUND,VA,2020-05-16,80.0
CONGRESSIONAL LEADERSHIP FUND,VA,2020-05-22,120.0
CONGRESSIONAL LEADERSHIP FUND,WA,2020-02-18,100.0
CONGRESSIONAL LEADERSHIP FUND,WA,2020-02-19,75.0
CONGRESSIONAL LEADERSHIP FUND,WA,2020-02-24,50.0
CONGRESSIONAL LEADERSHIP FUND,WA,2020-02-26,50.0
CONGRESSIONAL LEADERSHIP FUND,WA,2020-03-01,50.0
CONGRESSIONAL LEADERSHIP FUND,WA,2020-03-04,500.0
CONGRESSIONAL LEADERSHIP FUND,WA,2020-03-13,50.0
CONGRESSIONAL LEADERSHIP FUND,WA,2020-03-24,50.0
CONGRESSIONAL LEADERSHIP FUND,WA,2020-03-26,60.0
CONGRESSIONAL LEADERSHIP FUND,WA,2020-03-31,180.0
CONGRESSIONAL LEADERSHIP FUND,WA,2020-04-13,100.0
CONGRESSIONAL LEADERSHIP FUND,WA,2020-04-22,60.0
CONGRESSIONAL LEADERSHIP FUND,WA,2020-04-24,50.0
CONGRESSIONAL LEADERSHIP FUND,WA,2020-04-26,50.0
CONGRESSIONAL LEADERSHIP FUND,WA,2020-04-30,500.0
CONGRESSIONAL LEADERSHIP FUND,WA,2020-05-04,500.0
CONGRESSIONAL LEADERSHIP FUND,WA,2020-05-09,75.0
CONGRESSIONAL LEADERSHIP FUND,WA,2020-05-16,100.0
CONGRESSIONAL LEADERSHIP FUND,WA,2020-05-24,50.0
CONGRESSIONAL LEADERSHIP FUND,WA,2020-05-29,1500.0
CONGRESSIONAL LEADERSHIP FUND,WA,2020-06-29,500.0
CONGRESSIONAL LEADERSHIP FUND,WI,2020-03-29,250.0
CONGRESSIONAL LEADERSHIP FUND,WI,2020-05-01,50.0
CONGRESSIONAL LEADERSHIP FUND,WI,2020-05-10,100.0
CONGRESSIONAL LEADERSHIP FUND,WI,2020-05-12,50.0
CONGRESSIONAL LEADERSHIP FUND,WI,2020-05-14,60.0
CONGRESSIONAL LEADERSHIP FUND,WY,2019-11-15,10000000
